time,order
01-01-2018,6305
01-02-2018,2819
01-03-2018,11107
01-04-2018,8454
02-01-2018,6165
02-02-2018,11151
02-03-2018,10201
02-04-2018,15026
03-01-2018,2821
03-02-2018,11904
03-03-2018,19144
03-04-2018,7741
04-01-2018,10819
04-02-2018,9739
04-03-2018,6842
04-04-2018,9027
05-01-2018,11465
05-02-2018,8635
05-03-2018,15127
05-04-2018,24875
06-01-2018,2683
06-02-2018,3938
06-03-2018,10456
06-04-2018,13337
07-01-2018,9780
07-02-2018,1430
07-03-2018,37586
07-04-2018,14339
08-01-2018,6380
08-02-2018,5644
08-03-2018,22315
08-04-2018,12091
09-01-2018,15121
09-02-2018,4023
09-03-2018,10093
09-04-2018,14108
10-01-2018,4766
10-02-2018,15667
10-03-2018,38604
10-04-2018,24426
11-01-2018,6141
11-02-2018,9038
11-03-2018,29825
11-04-2018,27065
12-01-2018,4117
12-02-2018,8296
12-03-2018,17932
12-04-2018,10312
13-01-2018,6369
13-02-2018,3436
13-03-2018,13565
13-04-2018,12133
14-01-2018,6355
14-02-2018,22847
14-03-2018,17348
14-04-2018,14925
15-01-2018,5405
15-02-2018,14223
15-03-2018,6856
15-04-2018,24121
16-01-2018,12601
16-02-2018,1888
16-03-2018,13025
17-01-2018,5761
17-02-2018,6589
17-03-2018,15690
18-01-2018,9710
18-02-2018,5330
18-03-2018,20762
19-01-2018,11160
19-02-2018,13100
19-03-2018,18318
20-01-2018,1249
20-02-2018,4759
20-03-2018,30498
21-01-2018,10906
21-02-2018,6448
21-03-2018,14924
22-01-2018,12943
22-02-2018,13054
22-03-2018,17584
23-01-2018,6857
23-02-2018,11603
23-03-2018,15356
24-01-2018,7924
24-02-2018,9631
24-03-2018,23580
25-01-2018,9320
25-02-2018,36641
25-03-2018,5910
26-01-2018,1540
26-02-2018,23150
26-03-2018,23662
27-01-2018,3957
27-02-2018,9725
27-03-2018,9510
28-01-2018,14003
28-02-2018,12286
28-03-2018,16617
29-01-2018,10957
29-03-2018,24458
30-01-2018,1900
30-03-2018,12196
31-01-2018,15704
31-03-2018,16862
